Topic,Count,Name,Representation,Representative_Docs
-1,71010,-1_covaxin_2021_age_pincode,"['covaxin', '2021', 'age', 'pincode', 'slots age', 'age 18', 'dose', 'covaxin dose', 'date', '2021 fees']","['Pincode: 560011 COVAXIN - Dose 2: 25 slots Age: 18 and above (All Ages) Date: 07 Aug 2021 Fees: ₹1410 AARTHI SCAN…', 'Pincode: 560061 COVAXIN - Dose 2: 25 slots Age: 18 and above (All Ages) Date: 16 Sep 2021 Fees: ₹1410 AARTHI SCAN…', 'Pincode: 560078 COVAXIN - Dose 1: 25 slots Age: 18 and above (All Ages) Date: 15 Sep 2021 Fees: ₹1410 Gvg Invivo…']"
0,16258,0_moderna_pfizer_shot_vaccinated,"['moderna', 'pfizer', 'shot', 'vaccinated', 'vaccine', 'moderna vaccine', 'got', 'arm', 'booster', 'pfizer moderna']","['First dose of Moderna down! vaccine halfwaythere Moderna', 'Fully vaccinated 💉😁 PfizerBiontech PfizerGang COVID19 vaccinated', 'Weeeeee I got my second dose of the Moderna COVID-19 vaccine 😎💉 Moderna vaccinated']"
1,11938,1_sputnikv_russia_sputnik_russian,"['sputnikv', 'russia', 'sputnik', 'russian', 'india', 'vaccine', 'reddy', 'rdif', 'doses', 'dr']","['Has it something to do with Sputnikv?', 'Only Vaccine I will take SputnikV Ramaphosa', '5% GST on vaccine SputnikV . How about 5% GST on funeral? GOVT_SCAM_TAX GHANA_SARA_TAX']"
2,7535,2_india_vaccine covaxin_ocgn_vaccinated,"['india', 'vaccine covaxin', 'ocgn', 'vaccinated', 'vaccinated covaxin', 'vaccine', 'vaccination', 'covaxin', 'vaccigen', 'covaxin vaccine']","['Wait for it...😉 Covaxin Vaccigen HealthCanada $ocgn $ocugen ocgn ocugen BLA EUL …', '👇👇👇 we are on the radar Covaxin Vaccigen HealthCanada $ocgn $ocugen ocgn ocugen BLA EUL …', 'India Vaccine Covaxin from…']"
3,6433,3_bengaluru_availability_free_paid,"['bengaluru', 'availability', 'free', 'paid', 'covidvaccine', 'covishield', 'dose1', '18 44', 'urban', '44']","['18-44 URBAN Bengaluru CovidVaccine Availability for 10/09 at 07:00AM FREE Slots 0 PAID Slots COVISHIELD - Dose…', '18-44 URBAN Bengaluru CovidVaccine Availability for 11/09 at 10:00AM FREE Slots 0 PAID Slots COVISHIELD - Dose…', '18-44 URBAN Bengaluru CovidVaccine Availability for 08/09 at 11:00AM FREE Slots 0 PAID Slots COVISHIELD - Dose…']"
4,5165,4_d2 slots_d2_d1_slots covaxin,"['d2 slots', 'd2', 'd1', 'slots covaxin', '1410rs', '1410rs bbmp', 'bbmp', '06 2021', '06', 'age']","['560078, AGE 18+ 6-D1, 14-D2 slots, COVAXIN on 23-06-2021 @ Gvg Invivo Hospital(1410Rs) BBMP', '560086, AGE 45+ 30-D1, 20-D2 slots, COVAXIN on 23-06-2021 @ PRISTINE HOSPITAL COVAXIN(1410Rs) BBMP', '560076, AGE 45+ 198-D1, 100-D2 slots, COVAXIN on 24-06-2021 @ APOLLO HOSPITAL 1(1410Rs) BBMP']"
5,4674,5_2021 fees_fees_covaxin dose_date,"['2021 fees', 'fees', 'covaxin dose', 'date', 'slots age', 'pincode', 'ages', '1410', 'age 18', 'aug 2021']","['Pincode: 560037 COVAXIN - Dose 2: 50 slots Age: 18 and above (All Ages) Date: 07 Sep 2021 Fees: ₹1410 Apollo Crad…', 'Pincode: 560103 COVAXIN - Dose 1: 50 slots Age: 18 and above (All Ages) Date: 07 Sep 2021 Fees: ₹1410 Apollo Clin…', 'Pincode: 560082 COVAXIN - Dose 1: 50 slots Age: 18 and above (All Ages) Date: 07 Sep 2021 Fees: ₹1410 TENET DIAGN…']"
6,4308,6_sinovac_china_sinopharm_chinese,"['sinovac', 'china', 'sinopharm', 'chinese', 'sinovac vaccine', 'vaccinated sinovac', 'vaccinated', 'vaccine sinovac', 'dose sinovac', 'vaccine']","['Got my 2nd dose of sinovac vaccine. Sinovac vaccinated', 'Done first dose.. ManilaDay 06242021 Sinovac SINOVACcinated', 'You should have Sinovac bodyfriendly vaccine 😂']"
7,2938,7_people_don_amp_media,"['people', 'don', 'amp', 'media', 'know', 'like', 'think', 'time', 'tweet', 'data']","[""I don't wish this on anyone. I don't know if it's just me or this is an issue with other people but in my case I pr…"", ""you guys have time for all this,but you don't have time for emergency meeting fo…"", 'enough us enough people are dyin…']"
8,2733,8_approval_covaxin approval_approval covaxin_approve covaxin,"['approval', 'covaxin approval', 'approval covaxin', 'approve covaxin', 'covaxin covaxin', 'covaxin', 'approve', 'covaxin approved', 'covaxinapproval', 'approved']","['SOS- Covaxin WHO approval', 'Covaxin must get WHO approval : DMKMP Mr_P_Wilson_MP WINSON WilsonMP', '=COVAXIN approval']"
9,2700,9_dose covaxin_2nd dose_2nd_second dose,"['dose covaxin', '2nd dose', '2nd', 'second dose', 'dose', 'available', 'second', 'covaxin available', 'sir', 'covaxin']","['2nd Dose ✅ Covaxin', '2nd dose done covaxin 🥳', 'Done with 2nd dose ✌🏻 COVAXIN']"
10,2486,10_mrna_moderna mrna_mrna vaccines_mrna moderna,"['mrna', 'moderna mrna', 'mrna vaccines', 'mrna moderna', 'mrna vaccine', 'moderna', 'vaccines', 'pfizer', 'technology', 'pfe']","['VacunaCOVID Pfizer Moderna VacunaciónCOVID19 ARNm mRNA Plandemia GreatReset GranReinicio AgendaGlobal…', ""Assassinio sull'Orient Express. Conte bersani Bassetti EnricoBerlinguer Figliuolo fedez mRNA Briatore…"", 'Moderna: The Tesla of Biotechs $MRNA StockMarket StocksToBuy']"
11,2313,11_sinovac_dose sinovac_sinopharm_1st dose,"['sinovac', 'dose sinovac', 'sinopharm', '1st dose', 'dose', '1st', '2nd dose', '2nd', 'china', 'got dose']","['First dose done!💉👊🏼 resbakuna Sinovac', 'First dose done resbakuna2021 Sinovac', 'done 2 dose VaksinMelindungiKitaSemua Sinovac kitajagakita']"
12,1959,12_moderna_moderna moderna_got moderna_got,"['moderna', 'moderna moderna', 'got moderna', 'got', 'like', 'moderna got', 'thank', 'did', 'just', 'girl']","['First ever?? 🤦🏻\u200d♀️ Moderna', 'Same pinch 😀 Moderna', 'Is it Moderna or ModeRNA?']"
13,1873,13_children_18 years_kids_years,"['children', '18 years', 'kids', 'years', 'aged 18', 'aged', 'trials', 'covaxin approved', 'approved', 'years age']","['Covaxin approved by DCGI for kids aged between 2-18 years COVID19', ""Finally, vaccine for kids! Bharat Biotech's Covaxin gets emergency use approval for kids aged 2-18 years."", ""Bharat Biotech's Covaxin gets emergency approval for children aged 2-18 years bharatbiotech covaxin children…""]"
14,1775,14_ocgn_ocugen_ocgn covaxin_covaxin ocgn,"['ocgn', 'ocugen', 'ocgn covaxin', 'covaxin ocgn', 'approval', 'eua', 'covaxin', 'stocks', 'eul', 'bharatbiotech']","['COUNTDOWN🌛💎🥰 $OCGN Ocugen Covaxin OCGN $Ocugen', 'Ready for take off!!🚀 $OCGN COVAXIN OCGN Ocugen', '$OCGN OCGN Covaxin WE HAVE A RUNNER!!']"
15,1558,15_india_modi_indian_ji,"['india', 'modi', 'indian', 'ji', 'bharat', 'bharat biotech', 'biotech', 'use', 'pm', 'emergency use']","['Well done Indian scientists. Well done India Pharma. Well dine Bharat Biotech Well done SII Well do…', 'India should also last m…', 'It is indeed an auspicious day for India. Kautilya extends their sincere felicitations to Bharat Biotech on their b…']"
16,1244,16_covishield_covishield covaxin_covaxin covishield_crore,"['covishield', 'covishield covaxin', 'covaxin covishield', 'crore', 'mixing', 'doses', 'covishieldvaccine', 'doses covaxin', 'covaxin', 'study']","['Reinsurance Bytes is out! covaxin covishield', 'covaxin or covishield?', 'Which one Covishield or Covaxin ?']"
17,1238,17_560011_apollo_1410rs bbmp_1410rs,"['560011', 'apollo', '1410rs bbmp', '1410rs', 'd2 slots', 'd2', 'd1', 'slots covaxin', '06 2021', 'bbmp']","['560011, AGE 18+ 157-D1, 248-D2 slots, COVAXIN on 26-06-2021 @ APOLLO JAYANAGAR-COVAXIN(1410Rs) BBMP', '560011, AGE 18+ 157-D1, 252-D2 slots, COVAXIN on 26-06-2021 @ APOLLO JAYANAGAR-COVAXIN(1410Rs) BBMP', '560011, AGE 18+ 151-D1, 224-D2 slots, COVAXIN on 26-06-2021 @ APOLLO JAYANAGAR-COVAXIN(1410Rs) BBMP']"
18,1128,18_pfizer_pfizer moderna_moderna pfizer_moderna,"['pfizer', 'pfizer moderna', 'moderna pfizer', 'moderna', 'pfizer amp', 'amp moderna', 'amp', 'johnsonandjohnson', 'moderna amp', 'pfizer pfizer']","['Pfizer and Moderna profiteering', 'Are you Pfizer or Moderna ?', 'INESTIGATE Pfizer Moderna and . NoVaccineMandate']"
19,1071,19_park_covaxin 22_asia_hospital covaxin,"['park', 'covaxin 22', 'asia', 'hospital covaxin', '47', 'pvt', 'sector', '22', 'hosp', 'pmc']","['[12:47:05] 411014, 17-07-2021, 37 dose1 at PMC P Columbia Asia Hosp Pvt, COVAXIN 22 2ANEAR NYATI EMPIRE KHARADI PuneCOVAXIN', '[04:21:00] 411014, 15-07-2021, 77 dose2 at PMC P Columbia Asia Hosp Pvt, COVAXIN 22 2ANEAR NYATI EMPIRE KHARADI PuneCOVAXIN', '[06:47:21] 411014, 17-07-2021, 5 dose1 at PMC P Columbia Asia Hosp Pvt, COVAXIN 22 2ANEAR NYATI EMPIRE KHARADI PuneCOVAXIN']"
20,1055,20_bharat biotech_bharat_biotech_phase,"['bharat biotech', 'bharat', 'biotech', 'phase', 'bharatbiotech', 'biotech covaxin', 'data', 'trial', 'bharatbiotech covaxin', 'covaxin bharatbiotech']","['Bharat Biotech dossier under review for Covaxin emergency use listing: WHO READ: BharatBiotech COVAXIN', 'Covaxin Phase-3 efficacy analysis to be made public by July: Bharat Biotech Covaxin BharatBiotech…', ""Bharat Biotech's Covaxin 77.8% Effective in Phase Three Trial BharatBiotech Covaxin""]"
21,883,21_japan_suspends_doses moderna_63,"['japan', 'suspends', 'doses moderna', '63', 'suspended', 'doses', 'foreign', 'million', 'moderna vaccine', 'moderna']","['Japan SUSPENDS 1.6 Million Doses Of The Moderna Vaccine Japan Moderna Vaccines', 'Japan SUSPENDS 1.6 Million Doses Of The Moderna Vaccine Japan Moderna Vaccines', '🔴 Japan detects more Moderna vaccine contamination Japan Moderna']"
22,823,22_shot_moderna shot_shot moderna_second shot,"['shot', 'moderna shot', 'shot moderna', 'second shot', 'second', 'second moderna', 'moderna', 'got', '2nd shot', 'shot today']","['Second Moderna shot done this am!', 'I will get my second Moderna shot', 'Moderna Shot 1 down!']"
23,778,23_uae_sinopharm_vaccine children_children aged,"['uae', 'sinopharm', 'vaccine children', 'children aged', 'dubai', 'children', 'aged', 'sinopharm covid', 'sinopharm vaccine', '17']","['UAE Approves Sinopharm Vaccine for Children Aged 3 to 17 Sinopharm Sinovac UAE Vaccine China', 'The UAE AMB to China, attended a Symposium hosted by Sinopharm', 'UAE to trial Sinopharm COVID-19 vaccine in children aged 3 to 17 vaccine uae coronavirus SINOPHARM']"
24,772,24_heart_rare_warning_higher,"['heart', 'rare', 'warning', 'higher', 'young', 'risk', 'pfizer moderna', 'pfizer', 'cdc', 'cases']","['Heart inflammation in young men higher than expected after Pfizer, Moderna vaccines -U.S. CDC via', 'Heart inflammation in young men higher than expected after Pfizer,Moderna vaccines -U.S. CDC…', 'FDA adds warning [blackboxwarning] about rare heart infl…']"
25,742,25_stock_shares_stocks_market,"['stock', 'shares', 'stocks', 'market', 'moderna stock', 'moderna', 'gold', 'ceo', 'sold', 'billion']","['4 Insiders at Moderna sold 42,200 shares last week for $6.4M $MRNA Moderna stockmarket stock money trading…', 'Why Moderna Stock Is Popping Today Moderna Popping Stock Today', '3 Insiders at Moderna sold 29,000 shares last week for $6.9M $MRNA Moderna stockmarket stock money trading…']"
26,709,26_india_indians_india covaxin_indian,"['india', 'indians', 'india covaxin', 'indian', 'covaxin india', 'congratulations', 'approval', 'covaxin', 'proud', 'indian covaxin']","['what a day for India - COVAXIN gets WHO approval - Team India scored 210 against…', 'Congratulations India COVAXIN', 'Congratulations india COVAXIN']"
27,676,27_delta_deltavariant_variant_delta variant,"['delta', 'deltavariant', 'variant', 'delta variant', 'effective', 'pfizer', 'effective delta', 'study', 'moderna', 'breakthrough']","['Do We Need a Delta Variant Booster Shot? fema iaem fda pfizer moderna vaccines…', ""▪ VACCINES AGAINST DELTA VARIANT Moderna's COVID-19 vaccine shows promise against Delta variant in lab study…"", 'Check out my video about delta variant of COVID-19 Delta coronavirus deltavariant…']"
28,631,28_jab_jab moderna_moderna jab_second jab,"['jab', 'jab moderna', 'moderna jab', 'second jab', 'jab today', 'jabbed', 'got jab', '2nd jab', 'got', '1st jab']","['Second jab of Moderna done!', 'First Jab SolaireVax JabWellDone resbakuna Moderna ShotOniPhone LaterGram', 'Jab well done! regasco moderna jabwelldone']"
29,607,29_dose moderna_second dose_got dose_dose,"['dose moderna', 'second dose', 'got dose', 'dose', 'got', 'second', 'moderna', 'moderna dose', '2nd dose', 'moderna got']","['Second dose ✅ moderna 💉', 'Second dose of Moderna: ✅', 'Second dose Moderna']"
30,592,30_srilanka_sri_doses sinopharm_sinopharm,"['srilanka', 'sri', 'doses sinopharm', 'sinopharm', 'sinopharm vaccines', 'lka', 'million', 'million doses', 'doses', 'sinopharm vaccine']","['One million more doses of Sinopharm vaccine arrived in Sri Lanka early this morning. LKA SriLanka COVID19SL…', 'A stock of 04 million doses of Sinopharm vaccines arrived in Sri Lanka this morning SriLanka lka', 'InPics Another 2 million doses of the Sinopharm vaccine arrived in Sri Lanka today Srilanka lka Sinopharm…']"
31,577,31_booster_moderna booster_booster shot_got moderna,"['booster', 'moderna booster', 'booster shot', 'got moderna', 'moderna', 'got', 'shot', 'boosters', 'boostershot', 'getting']","['Moderna booster.', 'I got boostered. Moderna booster', 'Booster ✅Moderna Booster']"
32,542,32_delta_variant_covaxin effective_effective delta,"['delta', 'variant', 'covaxin effective', 'effective delta', 'effective', 'plus', 'icmr', 'delta variant', 'study', 'variants']","['COVAXIN effective against Delta plus variant of Covid19- ICMR TV9News', 'Covaxin effective against Delta Plus variant of Covid-19: ICMR study via', 'COVAXIN Is Effective Against Delta, Delta Plus: ICMR study']"
33,511,33_thailand_sinovac_million_china,"['thailand', 'sinovac', 'million', 'china', 'sinovac vaccine', 'million doses', 'doses', 'doses sinovac', 'sinopharm', 'workers']","['Where is Moderna in Thailand โมเดอร์นาอยู่ไหน', 'where is Moderna in Thailand? Where are uuuuu?', 'Why more Sinovac? Thailand']"
34,490,34_77_efficacy_lancet_78,"['77', 'efficacy', 'lancet', '78', 'effective', 'severe', 'phase', 'covaxin covid19', 'covaxin shows', 'covid19 covaxin']","['Covaxin phase 3 data shows 77.8% efficacy against symptomatic Covid-19, says Lancet. Covaxin COVID19 Lancetjournal', ""Bharat Biotech's Covaxin shows 77.8 % efficacy in phase 3 data trial: Sources BharatBiotech Covaxin COVID19"", ""According to Lancet study, Bharat Biotech's Covaxin shows 77.8 % efficacy against COVID19""]"
35,474,35_sweden_denmark_use moderna_finland,"['sweden', 'denmark', 'use moderna', 'finland', 'younger', 'moderna covid', 'use', 'heart', 'young', 'moderna']","['Now Iceland Bans Moderna’s COVID Vaccine After Finland, Sweden And Denmark', 'Sweden and Denmark restrict use of Moderna', ""Sweden, Finland, Denmark, and Iceland are restricting the use of Moderna's COVID-19 vaccine due to the risk o…""]"
36,454,36_covaxin 1st_floor_pmc_clinic,"['covaxin 1st', 'floor', 'pmc', 'clinic', '1st', 'apollo', '08 2021', '00', '08', 'manipal']","['[07:19:03] 411014, 30-07-2021, 246 dose1 at PMC P Apollo Clinic Vimanngr, COVAXIN 1ST FLOOR NYATI MILLENIUM SOCIET…', '[09:30:14] 411014, 20-07-2021, 191 dose2 at PMC P Apollo Clinic Vimanngr, COVAXIN 1ST FLOOR NYATI MILLENIUM SOCIET…', '[03:30:01] 411014, 20-07-2021, 191 dose2 at PMC P Apollo Clinic Vimanngr, COVAXIN 1ST FLOOR NYATI MILLENIUM SOCIET…']"
37,453,37_logo_design_code_modern,"['logo', 'design', 'code', 'modern', 'price', 'check', 'contact', '99', 'reg', 'order']","['Modern minimalist luxury logo design Order now: graphicdesigner logodesign design…', 'Oil logo design For need. WhatsApp +8801836631000 logo design creative modern wordmark Logodesigner…', 'Cosmetics logo design For need. WhatsApp +8801836631000 logo design creative modern wordmark…']"
38,450,38_oxfordastrazeneca_oxford_jab_nhs,"['oxfordastrazeneca', 'oxford', 'jab', 'nhs', 'vaccine', 'astrazeneca', 'uk', 'second', 've', '2nd']","['So it was down to incompetence and not Brexit....BoCs! oxfordastrazeneca', 'Done✅💉 oxfordastrazeneca', 'I had the OxfordAstraZeneca one as I have had anaphylaxis, no probs 🙂']"
39,442,39_pakistan_million_million doses_doses,"['pakistan', 'million', 'million doses', 'doses', 'doses sinovac', 'sinopharm', 'consignment', 'sinovac', 'china', 'sinovac vaccine']","['Pakistan has successfully developed corona vaccines locally. NIH Pakistan Sinovac Pakistan', 'Vaccinated. 1stdosecovid19vaccine coronavirus Sinovac Sindh Pakistan', 'Pakistan to receive two million Sinopharm vaccine doses today Sinopharm Pakistan…']"
40,437,40_12 17_moderna says_12_teens,"['12 17', 'moderna says', '12', 'teens', 'aged 12', 'effective', '17', 'says', '19 vaccine', 'aged']","['Moderna says its COVID19 vaccine is powerfully effective for 12- to 17-year olds. It will now apply for a…', '💉 Moderna said its COVID-19 vaccine is 100% effective among youths aged 12 to 17! Find out more now 👇', 'Moderna COVID-19 vaccine 100% effective in teens aged 12-17 Moderna COVID19…']"
41,416,41_pfizer_pfizer moderna_astrazeneca_pfizerbiontech,"['pfizer', 'pfizer moderna', 'astrazeneca', 'pfizerbiontech', 'moderna pfizer', 'covidvaccines', 'covid19', 'moderna astrazeneca', 'moderna', 'covidvaccine']","['CovidVaccine Pfizer Moderna johnsonandjohnson AstraZeneca COVID19 bigpharmatyranny 💥They lied from the very…', 'And in other news ... COVID19 AstraZeneca PfizerBiontech pfizer', 'Which one you wane take 🤔 🤣 Pfizer Moderna AstraZeneca COVID19']"
42,405,42_24 hours_cases_covidsecondwave_india,"['24 hours', 'cases', 'covidsecondwave', 'india', 'hours', 'reports', '24', 'wave', 'covid19', 'deaths']","['Covidupdate | India records over 44,667 cases in the last 24 hours COVID19 | COVIDSecondWave | vaccination |…', 'Covidupdate | India reports over 29,413 cases in the last 24 hours COVID19 | COVIDSecondWave | vaccination |…', 'Covidupdate | India reports over 30,818 cases in the last 24 hours COVID19 | COVIDSecondWave | vaccination |…']"
43,405,43_5g_chip_got_moderna,"['5g', 'chip', 'got', 'moderna', 'signal', 'phone', 'powers', 'upgrade', 'got moderna', 'just']","['5G a tope. Moderna', '5G is in! getyours letsgetbacktowork toolong moderna @ Athens, Greece', ""Zeke's spinal fluid. Partly 5G Enabled. Moderna 🤝""]"
44,401,44_moderna covidvaccine_covidvaccine moderna_covidvacccine_shot,"['moderna covidvaccine', 'covidvaccine moderna', 'covidvacccine', 'shot', 'covidvaccine', 'moderna', 'got', 'dose moderna', 'covid19vaccine', 'moderna covid19vaccine']","['First dose done!!! Moderna CovidVaccine', 'I just got my first dose of the Moderna CovidVaccine . One down, one to go.', 'Just got my first dose Moderna CovidVaccine COVID19Vaccine']"
45,388,45_blood_clots_blood clots_clot,"['blood', 'clots', 'blood clots', 'clot', 'rare', 'astrazeneca', 'oxford', 'risk', 'bloodclots', 'oxfordastrazeneca']","[""Blood clots as prevalent with Pfizer and Moderna vaccine as with AstraZeneca's: study Yet…"", ""😂 Blood clots as prevalent with Pfizer and Moderna vaccine 💉 🦠 as with AstraZeneca's: study"", 'blood clots after Pfizer and moderna are the same as after astrazeneka']"
46,383,46_pfizerbiontech_dose_pfizer pfizerbiontech_pfizervaccine,"['pfizerbiontech', 'dose', 'pfizer pfizerbiontech', 'pfizervaccine', '1st dose', '1st', 'pfizer', '2nd', 'got', '2nd dose']","['First dose done! ForUsAll HSE PfizerBiontech', 'First dose done 💉☑️ PfizerBioNTech', 'First Dose ✅ PfizerBiontech']"
47,373,47_astrazeneca_pfizer_moderna astrazeneca_astrazeneca moderna,"['astrazeneca', 'pfizer', 'moderna astrazeneca', 'astrazeneca moderna', 'pfizer moderna', 'astrazeneca pfizer', 'pfizer astrazeneca', 'johnsonandjohnson', 'moderna', 'janssen']","['ChooseYourPoison AstraZeneca Pfizer or Moderna DepopulationAgenda or HoldTheLine nothing in…', 'ChooseYourPoison AstraZeneca Pfizer Or Moderna Or HoldTheLine', 'lier paid for by pfizer moderna AstraZeneca']"
48,342,48_covid19_covid_pandemic_death,"['covid19', 'covid', 'pandemic', 'death', 'covid 19', 'response', 'officials', 'numbers', 'dying', '19']","['BREAKING WH COVID19 Response Tm &amp; public-health officials presser: (CDC Dir RochelleWalensky – taking Qs now) Sa…', 'BREAKING WH COVID19 Response Tm &amp; public-health officials presser: (WH COVID-19 Response Coord JeffZients) Says…', 'COVID19 Their are no a…']"
49,340,49_center_06 2021_d2 slots_d2,"['center', '06 2021', 'd2 slots', 'd2', 'd1', 'slots covaxin', '06', 'bbmp', '21 06', 'covaxin 21']","['560057, AGE 18+ 0-D1, 21-D2 slots, COVAXIN on 19-06-2021 @ ALLEVIATE DIAGNOSTIC CENTER(1400Rs) BBMP', '560057, AGE 18+ 0-D1, 18-D2 slots, COVAXIN on 19-06-2021 @ ALLEVIATE DIAGNOSTIC CENTER(1400Rs) BBMP', '560057, AGE 18+ 1-D1, 18-D2 slots, COVAXIN on 19-06-2021 @ ALLEVIATE DIAGNOSTIC CENTER(1400Rs) BBMP']"
50,339,50_05 2021_35_global_05,"['05 2021', '35', 'global', '05', 'road', 'dose1', 'sa', '06', 'd1 d2', '06 2021']","['560010, 44 dose1 and 0 dose2 slots on 20-05-2021 at SUGUNA HOSPITAL, COVAXIN DR RAJ KUMAR ROAD4TH N BLOCK RAJAJINA…', '[23:29:48] 400012, 100 dose1 slots on 31-05-2021 at Global Hospital (Parel), COVAXIN 35 Dr. Ernest Borges Road Opp…', '[07:41:23] 400012, 100 dose1 slots on 29-05-2021 at Global Hospital (Parel), COVAXIN 35 Dr. Ernest Borges Road Opp…']"
51,333,51_rs_private_hospitals_maximum,"['rs', 'private', 'hospitals', 'maximum', 'price', 'charge', 'prices', 'covishield', '145', 'fixed']","['Private hospitals can now charge maximum of: Rs 780 for Covishield vaccine Rs 1,410 for Covaxin Rs 1,1…', 'Private hospitals can now charge maximum of: Rs 780 for Covishield vaccine Rs 1,410 for Covaxin Rs 1,1…', 'Private hospitals can charge maximum price of Rs 780 for Covishield, Rs 1,410 for Covaxin and Rs 1,145 for Sputnik…']"
52,331,52_ne_covaxin 12_mumbai_pvt,"['ne', 'covaxin 12', 'mumbai', 'pvt', '12', 'hospital', '07 2021', '07', 'dose2', '04']","['[23:02:18] 400020, 14-07-2021, 268 dose1 at BOMBAY HOSPITAL (Pvt) MUMBAI, COVAXIN 12 Vitthaldas Thackersey Marg Ne…', '[12:05:06] 400020, 29-07-2021, 256 dose2 at BOMBAY HOSPITAL (Pvt) MUMBAI, COVAXIN 12 Vitthaldas Thackersey Marg Ne…', '[17:03:19] 400020, 15-07-2021, 169 dose2 at BOMBAY HOSPITAL (Pvt) MUMBAI, COVAXIN 12 Vitthaldas Thackersey Marg Ne…']"
53,306,53_toronto_embarrassing_cases_reporting,"['toronto', 'embarrassing', 'cases', 'reporting', 'ontario', 'new cases', 'cases covid19', 'case', 'canada', 'new']","['Embarrassing Ontario is reporting 4362 cases of COVID19 1162 new cases in Toronto. Canada politic…', 'EMBARRASSING Ontario is reporting 4447 cases of COVID19 1299 new cases in Toronto. Canada politicizing…', 'EMBARRASSING Ontario is reporting 3469 cases of COVID19 1074 new cases in Toronto. Canada politicizing…']"
54,305,54_vaxxed_fully vaxxed_vax_fully,"['vaxxed', 'fully vaxxed', 'vax', 'fully', 'vaxed', 'moderna fully', 'moderna vax', 'moderna', 'double', 'vaxx']","['Yayyyyy for being fully vaxxed! moderna frenchtoast 😃', 'Fully vaxxed! Moderna', 'Fully vaxxed! 💉💕 moderna']"
55,298,55_mask_masks_wear_wearing,"['mask', 'masks', 'wear', 'wearing', 'vaccinated', 'face', 'fully', 'fully vaccinated', 'mandates', 'wearamask']","['Fully vaccinated and wear a mask indoors if I can’t socially distance. I also work a the Health Depar…', 'We went from ""I wear a mask for you, and you wear a mask for me,"" to ""I get vaccinated for you, you get vaccinated…', 'Covaxin Wear Mask']"
56,277,56_philippines_batch_china_sinovac,"['philippines', 'batch', 'china', 'sinovac', 'coronavac', 'million', 'additional', 'million doses', 'doses', 'received']","['A Year After of Covid-19 - Philippines COVID19 COVID19PH VaccineWatchPH COVID19VaccinePH MakeItHappen…', 'More Sinovac vaccine for the Philippines. 科兴 疫苗 中国 菲律宾', 'Klaro! ☺ How about China to the Philippines? China Philippines vaccine sinovac USA']"
57,276,57_12 15_children_pfizerbiontech_aged,"['12 15', 'children', 'pfizerbiontech', 'aged', '12', 'year olds', 'olds', 'pfizer', 'pfizer biontech', 'biontech']","['The UK regulator has approved the use of the PfizerBioNTech vaccine in children aged 12-15, saying it is safe and…', 'UK Authorizes Pfizer-BioNTech Covid-19 Vaccine For Children Between 12 and 15-Year-Olds T…', 'In June, approved PfizerBiontech vaccine for children aged 12-15, indicating that the jab is safe and e…']"
58,269,58_emergency_emergency use_listing_use,"['emergency', 'emergency use', 'listing', 'use', 'approval emergency', 'approval', 'covaxin gets', 'use covaxin', 'advisory group', 'eul']","['Covaxin gets WHO approval for emergency use listing Covaxin who emergencyuse', 'Covaxin approved for emergency use by WHO The duration of the emergency use listing process depends on the qualit…', 'COVAXIN of gets EUL … emergency use listing COVID19']"
59,263,59_tmc_07 2021_hospital_07,"['tmc', '07 2021', 'hospital', '07', '00', 'dose2', 'dose1', '18 07', '01', '2021']","['[10:17:07] 400602, 15-07-2021, 239 dose1 at Highway Hospital TMC Thane, COVAXIN Devashish Appartment Marathon Circ…', '[16:17:10] 400602, 15-07-2021, 231 dose1 at Highway Hospital TMC Thane, COVAXIN Devashish Appartment Marathon Circ…', '[04:17:19] 400602, 15-07-2021, 216 dose1 at Highway Hospital TMC Thane, COVAXIN Devashish Appartment Marathon Circ…']"
60,256,60_case_toronto_reporting_ontario,"['case', 'toronto', 'reporting', 'ontario', 'canada', 'new', 'embarrassing', 'covid19', '116', 'vaccine']","['EMBARRASSING Ontario reporting 835 case COVID19 168 new case in Toronto Canada politicizing vaccine…', 'EMBARRASSING Ontario reporting 835 case COVID19 168 new case in Toronto Canada politicizing vaccine Ford T…', 'EMBARRASSING Ontario reporting 835 case COVID19 168 new case in Toronto Canada politicizing vaccine Ford Trudeau…']"
61,255,61_second dose_2nd dose_dose_second,"['second dose', '2nd dose', 'dose', 'second', '2nd', 'pharmacy', '1st', '1st dose', 'book', 'thank']","['2nd Dose on prop…', 'Second dose of…', 'Where can I get a second dose of…']"
62,255,62_sars_sars cov_cov_variants,"['sars', 'sars cov', 'cov', 'variants', 'multiple', 'sarscov2', 'effectively', 'icmr', 'study shows', 'shows']","['ICMR study shows COVAXIN neutralises against multiple variants of SARS-CoV-2 and effectively neutralises the dou…', 'Covaxin neutralises multiple variants of SARS-CoV-2: ICMR study …', 'COVAXIN neutralises against multiple variants of SARS-CoV-2: ICMR COVAXIN SARS_CoV_2']"
63,254,63_cipla_import_dcgi_nod,"['cipla', 'import', 'dcgi', 'nod', 'gets', 'india', 'restricted', 'moderna covid', 'general', 'emergency use']","[""Cipla gets DCGI nod to import Moderna's COVID19 vaccine."", 'Cipla gets DCGI approval to import Moderna vaccine for emergency use in India Cipla Moderna', ""Cipla Gets DCGI Nod to Import Moderna's COVID-19 Vaccine for Restricted Emergency Use in India, Say Sources Cipla…""]"
64,251,64_sec_14_94_plot,"['sec', '14', '94', 'plot', 'cloudnine', 'road', 'dose2', '00', '06', '06 2021']","['[19:40:35] 122001, 19-06-2021, 151 dose2 at Cloudnine Sec -14, COVAXIN Plot No 94 4 MG Road Sec 14 GurgaonCOVAXIN', '[00:14:14] 122001, 01-07-2021, 5 dose2 at Cloudnine Sec -14, COVAXIN Plot No 94 4 MG Road Sec 14 GurgaonCOVAXIN', '[01:37:06] 122001, 19-06-2021, 201 dose2 at Cloudnine Sec -14, COVAXIN Plot No 94 4 MG Road Sec 14 GurgaonCOVAXIN']"
65,251,65_doctors_workers_sinovac_350,"['doctors', 'workers', 'sinovac', '350', 'health workers', 'despite', 'hundreds', 'sinovac vaccine', 'vaccinated sinovac', 'china sinovac']","['More than 350 doctors and medical workers have caught Covid-19 in Indonesia despite being vaccinated with Sinovac…', 'More than 350 doctors and medical workers have caught COVID-19 in Indonesia despite being vaccinated with Sinovac…', 'More than 350 doctors and medical workers have caught COVID-19 in Indonesia despite being vaccinated with Sinovac…']"
66,249,66_dolly_moderna_thank_got,"['dolly', 'moderna', 'thank', 'got', 'got moderna', 'funded', 'juice', 'moderna got', 'love', 'thanks']","['Bypassing moderna is disrespectful to Dolly Parton.', 'I’m a Dolly-babe now ❤️ Moderna Geprikt IkPrikWel', 'Dolly Parton is a treasure. Moderna']"
67,248,67_production_bharat_bharat biotech_biotech,"['production', 'bharat', 'bharat biotech', 'biotech', 'capacity', 'month', 'doses', 'crore', '700', 'million']","['Bharat Biotech scales up Covaxin production to 700 million doses annually Covaxin', 'Bharat Biotech To Double CoVaxin Production From 5 Million To 12 Million Doses Per Month By July. —Bharat Biotech', 'Bharat Biotech To Double CoVaxin Production From 5 Million To 12 Million Doses Per Month By July. —Bharat Biotech']"
68,247,68_max_block_city_hospital covaxin,"['max', 'block', 'city', 'hospital covaxin', 'hospital', 'dose2', 'urban', 'dose1', '07', '18 44']","['[14:30:00] 122001, 19-06-2021, 9 dose2 at Max Hospital, COVAXIN Max Hospital Opp HUDA City Block Sushant Lok GurgaonCOVAXIN', '[00:07:17] 122001, 02-07-2021, 8 dose2 at Max Hospital, COVAXIN Max Hospital Opp HUDA City Block Sushant Lok GurgaonCOVAXIN', '[10:26:28] 122001, 23-06-2021, 5 dose2 at Max Hospital, COVAXIN Max Hospital Opp HUDA City Block Sushant Lok GurgaonCOVAXIN']"
69,243,69_mrna_non_traditional_mrna vaccines,"['mrna', 'non', 'traditional', 'mrna vaccines', 'alternative', 'need', 'need covaxin', 'waiting covaxin', 'inactivated', 'covaxin']","['And to think there’s a traditional(non mRNA) alternative COVAXIN that has better effectiveness than M…', 'Why is the government not looking into Covaxin , a non mrna vaccines which would be a great retort to the non mrna folk?', 'Covaxin not mRNA trash']"
70,242,70_clinic_1410rs bbmp_1410rs_d2 slots,"['clinic', '1410rs bbmp', '1410rs', 'd2 slots', 'd2', 'd1', 'slots covaxin', 'd1 d2', 'bbmp', 'age 45']","['560077, AGE 45+ 19-D1, 20-D2 slots, COVAXIN on 23-06-2021 @ Aster Manyata Clinic C1(1410Rs) BBMP', '560077, AGE 45+ 18-D1, 20-D2 slots, COVAXIN on 23-06-2021 @ Aster Manyata Clinic C1(1410Rs) BBMP', '560077, AGE 45+ 18-D1, 20-D2 slots, COVAXIN on 23-06-2021 @ Aster Manyata Clinic C1(1410Rs) BBMP']"
71,239,71_brazil_deal_bharat_bharat biotech,"['brazil', 'deal', 'bharat', 'bharat biotech', 'biotech', 'mou', 'regulator', 'import', 'bharatbiotech', 'suspends']","['Brazil suspends import permit of Covaxin Covaxin Brazil', ""Brazil suspends Covaxin's clinical trials after Bharat Biotech terminates vaccine deal COVAXIN Brazil"", 'Meanwhile in Brazil... Covaxin 🧵']"
72,236,72_alhamdulillah_vaccinated_sinovac_got,"['alhamdulillah', 'vaccinated', 'sinovac', 'got', 'fully vaccinated', '2nd dose', 'completed', 'dose vaccine', 'dose sinovac', 'fully']","['received my first jab 😙💉 Alhamdulillah!sinovac', 'Alhamdulillah I’m fully vaccinated 🥰 HerdImmunity PfizerBiontech LindungDiriLindungSemua', ""2nd dose. I'm done. Alhamdulillah.. How about you? sinovac LindungDiri lindungsemua""]"
73,234,73_healthcare_centre_art_corporation,"['healthcare', 'centre', 'art', 'corporation', 'municipal', 'shop', 'sector', 'tmc', 'pvt', 'dose2']","['[09:14:36] 400005, 16-07-2021, 29 dose2 at WELLSPRING HEALTHCARE CENTRE, COVAXIN WELLNESS HEALTHSPRING CENTRE SHOP…', '[06:25:20] 400703, 03-08-2021, 39 dose2 at NMMCP Healthspring, COVAXIN Wellspring Healthcare Pvt Ltd. Sector 2 Art…', '[03:14:30] 400005, 16-07-2021, 29 dose2 at WELLSPRING HEALTHCARE CENTRE, COVAXIN WELLNESS HEALTHSPRING CENTRE SHOP…']"
74,230,74_antibodies_antibody_creates_twice,"['antibodies', 'antibody', 'creates', 'twice', 'levels', 'study', 'pfizer', 'study shows', 'higher', 'response']","['Moderna More antibodies than', 'Moderna More antibodies than pfizer', 'Moderna Creates Twice as Many Antibodies as Pfizer, Study Shows MRNA Moderna antibodies']"
75,222,75_sec_14_94_plot,"['sec', '14', '94', 'plot', 'cloudnine', 'road', 'dose1', '00', '06', '06 2021']","['[16:02:00] 122001, 18-07-2021, 133 dose1 at Cloudnine Sec -14, COVAXIN Plot No 94 4 MG Road Sec 14 GurgaonCOVAXIN', '[10:00:48] 122001, 17-07-2021, 230 dose1 at Cloudnine Sec -14, COVAXIN Plot No 94 4 MG Road Sec 14 GurgaonCOVAXIN', '[10:01:44] 122001, 18-07-2021, 276 dose1 at Cloudnine Sec -14, COVAXIN Plot No 94 4 MG Road Sec 14 GurgaonCOVAXIN']"
76,216,76_sinopharm_doses_million_lakh,"['sinopharm', 'doses', 'million', 'lakh', 'china', 'million doses', 'sinopharm vaccine', 'doses sinopharm', 'chinese', 'covid19 vaccine']","['Bangladesh to receive 34 lakh Sinopharm vaccine doses next week: FM Bangladesh Sinopharm vaccine', 'Ten lakh doses of Sinopharm Covid19vaccine -- gifts from China -- are on the way to Bangladesh', 'Dhaka receives 50 lakh more doses of Sinopharm vaccine Dhaka Sinopharm']"
77,215,77_shop_ground_tmc_floor,"['shop', 'ground', 'tmc', 'floor', '07 2021', '07', 'dose2', 'hospital', 'dose1', '17 07']","['[16:10:57] 400601, 20-07-2021, 50 dose2 at TMC P Infinity Medisurge, COVAXIN Shop No 1 Ground Floor Amber Arcade B…', '[06:10:24] 400601, 17-07-2021, 22 dose1 at TMC P Infinity Medisurge, COVAXIN Shop No 1 Ground Floor Amber Arcade B…', '[12:10:04] 400601, 17-07-2021, 50 dose2 at TMC P Infinity Medisurge, COVAXIN Shop No 1 Ground Floor Amber Arcade B…']"
78,215,78_circle_tmc_hospital covaxin_08 2021,"['circle', 'tmc', 'hospital covaxin', '08 2021', '08', 'hospital', '00', 'dose2', '01 08', '01']","['[05:07:17] 400602, 03-08-2021, 278 dose1 at TMC P Highway Hospital, COVAXIN Devashish Appartment Marathon Circle N…', '[05:07:17] 400602, 03-08-2021, 169 dose2 at TMC P Highway Hospital, COVAXIN Devashish Appartment Marathon Circle N…', '[23:05:00] 400602, 03-08-2021, 297 dose1 at TMC P Highway Hospital, COVAXIN Devashish Appartment Marathon Circle N…']"
79,211,79_canada_million_doses_canadian,"['canada', 'million', 'doses', 'canadian', 'receive', 'faster', 'doses moderna', 'vaccines', 'vaccine doses', 'week']","['Canada to receive 2.9M COVID-19 vaccine doses this week from Pfizer, Moderna Canada Health Coronavirus Covid…', 'Canada to implement COVID-19 vaccine passports in September Canada arrivecan Moderna DeltaVariant…', 'Canada to implement COVID-19 vaccine passports in September Canada arrivecan Moderna DeltaVariant…']"
80,206,80_uphc_age 45_d2 slots_d2,"['uphc', 'age 45', 'd2 slots', 'd2', 'd1', 'slots covaxin', '45', 'bbmp', '06 2021', 'free']","['560040, AGE 45+ 0-D1, 48-D2 slots, COVAXIN on 13-06-2021 @ Hosahalli UPHC(Free) BBMP', '560040, AGE 45+ 0-D1, 50-D2 slots, COVAXIN on 13-06-2021 @ Hosahalli UPHC(Free) BBMP', '560040, AGE 45+ 0-D1, 44-D2 slots, COVAXIN on 13-06-2021 @ Hosahalli UPHC(Free) BBMP']"
81,204,81_pune_pmc_clinic_apollo,"['pune', 'pmc', 'clinic', 'apollo', '08 2021', '08', '04', 'dose2', 'dose1', '04 08']","['[16:28:25] 411007, 04-08-2021, 198 dose1 at PMC P APOLLO CLINIC AUNDH, COVAXIN AUNDH PUNE PuneCOVAXIN', '[10:29:25] 411007, 03-08-2021, 191 dose1 at PMC P APOLLO CLINIC AUNDH, COVAXIN AUNDH PUNE PuneCOVAXIN', '[04:29:19] 411007, 03-08-2021, 184 dose2 at PMC P APOLLO CLINIC AUNDH, COVAXIN AUNDH PUNE PuneCOVAXIN']"
82,198,82_selling_sales_contact_sputnikv,"['selling', 'sales', 'contact', 'sputnikv', 'vaccines', '', '', '', '', '']","['Selling: NitrileGloves, 1860 FaceMasks, Vaccines SputnikV, syringes. Contact sales: o…', 'Selling: NitrileGloves, 1860 FaceMasks, Vaccines SputnikV, syringes. Contact sales: o…', 'Selling: NitrileGloves, 1860 FaceMasks, Vaccines SputnikV, syringes. Contact sales: o…']"
83,194,83_moderna booster_booster_effects_sore,"['moderna booster', 'booster', 'effects', 'sore', 'arm', 'got moderna', 'yesterday', 'booster shot', 'got', 'little']","['Who got a Moderna booster? What were your side effects (if any)? COVIDBooster Moderna CovidVaccine', 'Moderna booster is a half dose but I still feel the FULL side-effects ~ sore arm, body aches, shivers, lethargy. 😵🤢…', 'Got my Moderna booster yesterday. Sore arm is all I’ve dealt with.']"
84,192,84_gift_rs_cheaper_covaxin approved,"['gift', 'rs', 'cheaper', 'covaxin approved', 'approved', 'happy', 'india', 'eve', 'reduced', 'duty']","[""A Diwali Gift For India: Bharat Biotech's Covaxin Gets WHO Approval COVAXIN Covaxinapproval WHO"", 'Finally....A Diwali Gift to India ...COVAXIN', 'BREAKING : Petrol has been made cheaper by Rs 5 &amp; Diesel by Rs 10 This is the Second Gift of the Government to…']"
85,189,85_chile_sinovac_sinovac vaccine_preventing,"['chile', 'sinovac', 'sinovac vaccine', 'preventing', 'effective preventing', 'china sinovac', 'effective', '67', 'coronavac', 'study']","['Lambda Variant of COVID-19 Might Be Resistant to Vaccines Investigators in Chile conclude that the lam…', 'Lambda Variant of COVID-19 Might Be Resistant to Vaccines Investigators in Chile conclude…', 'Is all over Sinovac Chile']"
86,189,86_07 2021_hospital_07_complex,"['07 2021', 'hospital', '07', 'complex', 'dose2', 'mr', 'near', '16', 'dose1', '17']","['[05:00:11] 401107, 16-07-2021, 10 dose2 at MBMC BHAKTIVEDANT HOSPITAL MR, COVAXIN SRISHTI COMPLEX NEAR DALMIA SCHO…', '[16:59:00] 401107, 17-07-2021, 50 dose2 at MBMC BHAKTIVEDANT HOSPITAL MR, COVAXIN SRISHTI COMPLEX NEAR DALMIA SCHO…', '[23:00:07] 401107, 16-07-2021, 11 dose2 at MBMC BHAKTIVEDANT HOSPITAL MR, COVAXIN SRISHTI COMPLEX NEAR DALMIA SCHO…']"
87,185,87_figures_covid19 cases_sitting_story,"['figures', 'covid19 cases', 'sitting', 'story', 'vaccine available', 'cases', '21', '10 21', 'best', 'cloudnine']","['Monday 11/10/21 CoWIN_Dashboard &amp; figures COVID19 cases- 14,313 No. vaccinated- 6,586,092 1st dose-…', 'Friday 1/10/21 CoWIN_Dashboard &amp; figures COVID19 cases- 24,354 No. vaccinated- 6,933,838 1st dose-…', 'Thursday 2/9/21 CoWIN_Dashboard &amp; figures COVID19 cases- 45,352 No. vaccinated- 7,484,333 1st dose-…']"
88,184,88_house_plot_cloudnine_hospital covaxin,"['house', 'plot', 'cloudnine', 'hospital covaxin', 'hospital', 'dose2', '00', 'dose1', '06', '06 2021']","['[02:12:24] 122003, 17-07-2021, 56 dose1 at Cloudnine Hospital, COVAXIN Plot No. A-2 MSJ House Vikas Marg Beside SS…', '[15:01:14] 122003, 30-07-2021, 8 dose2 at Cloudnine Hospital, COVAXIN Plot No. A-2 MSJ House Vikas Marg Beside SS…', '[08:11:45] 122003, 16-07-2021, 6 dose2 at Cloudnine Hospital, COVAXIN Plot No. A-2 MSJ House Vikas Marg Beside SS…']"
89,178,89_eul_eua_eul covaxin_eua covaxin,"['eul', 'eua', 'eul covaxin', 'eua covaxin', 'covaxin eul', 'covaxin eua', 'approval', 'sage', 'granting', 'covaxin']","['So give Covaxin EUL!!!', 'Covaxin EUL when?', 'Finally EUL for COVAXIN by']"
90,176,90_covid19 pandemic_wearing_situation_control,"['covid19 pandemic', 'wearing', 'situation', 'control', 'mask', 'pandemic', 'biontech pfizer', 'increase', 'capacity', 'manufacturing']","['The situation with COVID19 pandemic in Azerbaijan is under control. So, the only restriction is wearing mask in…', 'The situation with COVID19 pandemic in Azerbaijan is under control. So, the only restriction is wearing mask in…', 'The situation with COVID19 pandemic in Azerbaijan is under control. So, the only restriction is wearing mask in…']"
91,176,91_type_tags_covishield covaxin_place,"['type', 'tags', 'covishield covaxin', 'place', 'covishield', '2nd dose', '18', 'age 18', '2nd', 'age']","['DIST.: Thiruvarur Tiruvarur திருவாரூர் ON: August17 TYPE: Covishield Covaxin AGE: 18+ TAGS: vaccine…', 'DIST.: TIRUNELVELI திருநெல்வேலி ON: August12 TYPE: Covishield Covaxin AGE: 18+ TAGS: vaccine…', 'DIST.: Trichy tiruchirappalli திருச்சி ON: August16 TYPE: Covishield Covaxin AGE: 18+ TAGS: vaccine…']"
92,174,92_auspol_credit_deltavariant_,"['auspol', 'credit', 'deltavariant', '', '', '', '', '', '', '']","['ScottyFromMarketing cannot take credit at all. auspol CoronavirusAustralia DeltaVariant…', 'ScottyFromMarketing cannot take credit at all. auspol CoronavirusAustralia DeltaVariant…', 'ScottyFromMarketing cannot take credit at all. auspol CoronavirusAustralia DeltaVariant…']"
93,171,93_building_floor_th_hospital covaxin,"['building', 'floor', 'th', 'hospital covaxin', '07 2021', 'hospital', '07', 'dose2', '00', 'ra']","['[00:47:14] 400072, 15-07-2021, 71 dose2 at AXON HOSPITAL, COVAXIN Pranik Chamber Building 5 Th Floor A Wing Sakiv…', '[22:46:22] 400072, 17-07-2021, 133 dose1 at AXON HOSPITAL, COVAXIN Pranik Chamber Building 5 Th Floor A Wing Saki…', '[14:00:30] 400072, 25-07-2021, 212 dose2 at AXON HOSPITAL, COVAXIN Pranik Chamber Building 5 Th Floor A Wing Saki…']"
94,170,94_travel_abroad_travel abroad_covaxin approved,"['travel', 'abroad', 'travel abroad', 'covaxin approved', 'international', 'overseas', 'allowed', 'travellers', 'taken covaxin', 'approved']","[""Now that COVAXIN is approved by WHO, I'll have to go back to 'gareebi' as the reason to not travel abroad. 🙄"", 'Except those who get COVAXIN &amp; not allowed to travel abroad 🗣️', 'Pls tell me how are u going to travel abroad with covaxin- since it is not approved for international…']"
95,169,95_oxygen_oxygencylinders_covid covid19_help,"['oxygen', 'oxygencylinders', 'covid covid19', 'help', 'covid19 coronavirus', 'icu', 'medical', 'available', 'delhi', 'covid19']","['!!Amritsar!! Oxygen Refilling and Cans Available . . helpnagar covid covid19 help India amritsar nonprofit…', 'Army assists in resuscitation of oxygen generation plant OxygenCylinders oxygen Covid19 Coronavirus…', 'DRDO imports zeolite to make oxygen for Covid-hit OxygenCylinders oxygen Covid19 Coronavirus…']"
96,164,96_pharma_big pharma_big_pharmaceutical,"['pharma', 'big pharma', 'big', 'pharmaceutical', 'companies', 'industry', 'funded', 'trust', 'media', 'drug']","['Biggest lawsuits over the last 20 years have been against Big Pharma. And the left now trust Big Pharma?…', 'TOCs run big pharma - honey and barry were executed by them and they were part of big pharma Moderna Therapeutics…', 'Your donors are big pharma and China. That’s…']"
97,164,97_arm_sore_pain_shot,"['arm', 'sore', 'pain', 'shot', 'moderna covidvaccine', 'hours', 'covid shot', 'headache', 'hurts', 'body']","['1st Moderna shot, sore arm. 2nd Moderna shot, less sore arm. To my knowledge I never had covid and got tested frequ…', 'So post update I got my 2nd Covid shot my arm is really sore like a bad punch in the arm no other major symptoms ye…', '1st Moderna - sore arm 2nd Moderna - sore arm and groggy for about 24 hours. CovidVaccine FullyVaccinated Moderna']"
98,164,98_house_plot_cloudnine_hospital covaxin,"['house', 'plot', 'cloudnine', 'hospital covaxin', 'hospital', 'dose1', 'general', 'pune', 'nagar', '07 2021']","['[01:55:06] 122003, 15-07-2021, 203 dose1 at Cloudnine Hospital, COVAXIN Plot No. A-2 MSJ House Vikas Marg Beside S…', '[02:14:20] 122003, 18-07-2021, 157 dose1 at Cloudnine Hospital, COVAXIN Plot No. A-2 MSJ House Vikas Marg Beside S…', '[11:19:26] 122003, 24-07-2021, 133 dose1 at Cloudnine Hospital, COVAXIN Plot No. A-2 MSJ House Vikas Marg Beside S…']"
99,162,99_cm_nagar_apollo_1410rs bbmp,"['cm', 'nagar', 'apollo', '1410rs bbmp', '1410rs', 'd2 slots', 'd2', 'd1', 'slots covaxin', 'bbmp']","['560078, AGE 18+ 27-D1, 0-D2 slots, COVAXIN on 24-07-2021 @ APOLLO CM FERTILITY -JP NAGAR(1410Rs) BBMP', '560078, AGE 18+ 30-D1, 1-D2 slots, COVAXIN on 23-06-2021 @ APOLLO CM FERTILITY -JP NAGAR(1410Rs) BBMP', '560078, AGE 18+ 30-D1, 2-D2 slots, COVAXIN on 23-06-2021 @ APOLLO CM FERTILITY -JP NAGAR(1410Rs) BBMP']"
100,160,100_pregnant_women_safe_pfizer moderna,"['pregnant', 'women', 'safe', 'pfizer moderna', 'vaccines safe', 'covid', 'risk', 'pfizer', 'vaccines', 'uk']","['Can pregnant women be vaccinated? pregnancy contraindications precautions safety…', 'Pregnant women have been told not to take the vaccine yet. Is it finally okay for pregnant women to take vaccines n…', 'pregnant women please give pfizer and moderna for indian pregnant women .many have lost their life in…']"
101,160,101_hospital covaxin_15_road_17,"['hospital covaxin', '15', 'road', '17', 'dose1', 'hospital', '07 2021', '07', '08 2021', '04']","['[04:05:10] 400004, 17-07-2021, 99 dose2 at SAIFEE HOSPITAL, COVAXIN 15-17 Maharshi Karve Road MumbaiCOVAXIN', '[04:05:02] 400004, 15-07-2021, 99 dose1 at SAIFEE HOSPITAL, COVAXIN 15-17 Maharshi Karve Road MumbaiCOVAXIN', '[04:05:10] 400004, 17-07-2021, 99 dose1 at SAIFEE HOSPITAL, COVAXIN 15-17 Maharshi Karve Road MumbaiCOVAXIN']"
102,156,102_view_la_st_building,"['view', 'la', 'st', 'building', 'floor', '08 2021', '55', '08', '2021 50', 'dose2']","['[11:55:49] 400011, 03-08-2021, 50 dose2 at Meesha Diagnostic And Polyclin, COVAXIN 1 St Floor La View Building B J…', '[17:55:01] 400011, 02-08-2021, 50 dose2 at Meesha Diagnostic And Polyclin, COVAXIN 1 St Floor La View Building B J…', '[17:55:05] 400011, 03-08-2021, 50 dose2 at Meesha Diagnostic And Polyclin, COVAXIN 1 St Floor La View Building B J…']"
103,156,103_60_hospital covaxin_hospital_07 2021,"['60', 'hospital covaxin', 'hospital', '07 2021', 'ye', '07', '16', 'dose1', '03', '55']","['[09:16:48] 400026, 19-07-2021, 56 dose1 at BREACH CANDY HOSPITAL 1, COVAXIN 60 A Bhulabhai Desai Marg Breach Candy…', '[03:55:23] 400026, 14-07-2021, 99 dose2 at BREACH CANDY HOSPITAL 1, COVAXIN 60 A Bhulabhai Desai Marg Breach Candy…', '[15:20:29] 400026, 13-07-2021, 60 dose2 at BREACH CANDY HOSPITAL 1, COVAXIN 60 A Bhulabhai Desai Marg Breach Candy…']"
104,154,104_report_moderna vaccine_pfizer moderna_amp,"['report', 'moderna vaccine', 'pfizer moderna', 'amp', 'pfizer', 'vaccine', 'moderna', 'vaers', 'reaction moderna', 'findings']","['Vaccine victims report &amp; VaccineVictims Pfizer Moderna…', 'vaccine victims report &amp; VaccineVictims Pfizer Moderna…', 'vaccine victims report &amp; VaccineVictims Pfizer Moderna…']"
105,153,105_shop_tmc_healthcare_08 2021,"['shop', 'tmc', 'healthcare', '08 2021', '36', '07 2021', '03', '07', 'service', 'dose2']","['[04:46:08] 400607, 29-07-2021, 8 dose2 at TMC P Wellspring Healthcare, COVAXIN Shop No 4 Pataskar Eclat At Service…', '[03:37:04] 400607, 17-07-2021, 29 dose2 at TMC P Wellspring Healthcare, COVAXIN Shop No 4 Pataskar Eclat At Servic…', '[03:37:04] 400607, 17-07-2021, 16 dose1 at TMC P Wellspring Healthcare, COVAXIN Shop No 4 Pataskar Eclat At Servic…']"
